URLs,Names
https://t.akashadata.com/xstatic/img/c/s/kokomi.jpg,kokomi
https://t.akashadata.com/xstatic/img/c/s/yelan.jpg,yelan
https://t.akashadata.com/xstatic/img/c/s/shinobu.jpg,shinobu
https://t.akashadata.com/xstatic/img/c/s/nahida.jpg,nahida
https://t.akashadata.com/xstatic/img/c/s/xiangling.jpg,xiangling
https://t.akashadata.com/xstatic/img/c/s/xingqiu.jpg,xingqiu
https://t.akashadata.com/xstatic/img/c/s/bennett.jpg,bennett
https://t.akashadata.com/xstatic/img/c/s/shougun.jpg,shougun
https://t.akashadata.com/xstatic/img/c/s/xingqiu.jpg,xingqiu
https://t.akashadata.com/xstatic/img/c/s/shinobu.jpg,shinobu
https://t.akashadata.com/xstatic/img/c/s/nahida.jpg,nahida
https://t.akashadata.com/xstatic/img/c/s/alhatham.jpg,alhatham
https://t.akashadata.com/xstatic/img/c/s/xiangling.jpg,xiangling
https://t.akashadata.com/xstatic/img/c/s/bennett.jpg,bennett
https://t.akashadata.com/xstatic/img/c/s/kazuha.jpg,kazuha
https://t.akashadata.com/xstatic/img/c/s/shougun.jpg,shougun
https://t.akashadata.com/xstatic/img/c/s/xingqiu.jpg,xingqiu
https://t.akashadata.com/xstatic/img/c/s/yelan.jpg,yelan
https://t.akashadata.com/xstatic/img/c/s/shinobu.jpg,shinobu
https://t.akashadata.com/xstatic/img/c/s/nahida.jpg,nahida
https://t.akashadata.com/xstatic/img/c/s/xiangling.jpg,xiangling
https://t.akashadata.com/xstatic/img/c/s/bennett.jpg,bennett
https://t.akashadata.com/xstatic/img/c/s/tartaglia.jpg,tartaglia
https://t.akashadata.com/xstatic/img/c/s/kazuha.jpg,kazuha
https://t.akashadata.com/xstatic/img/c/s/zhongli.jpg,zhongli
https://t.akashadata.com/xstatic/img/c/s/mona.jpg,mona
https://t.akashadata.com/xstatic/img/c/s/hutao.jpg,hutao
https://t.akashadata.com/xstatic/img/c/s/yelan.jpg,yelan
https://t.akashadata.com/xstatic/img/c/s/xiangling.jpg,xiangling
https://t.akashadata.com/xstatic/img/c/s/xingqiu.jpg,xingqiu
https://t.akashadata.com/xstatic/img/c/s/bennett.jpg,bennett
https://t.akashadata.com/xstatic/img/c/s/shougun.jpg,shougun
https://t.akashadata.com/xstatic/img/c/s/xingqiu.jpg,xingqiu
https://t.akashadata.com/xstatic/img/c/s/shinobu.jpg,shinobu
https://t.akashadata.com/xstatic/img/c/s/nahida.jpg,nahida
https://t.akashadata.com/xstatic/img/c/s/alhatham.jpg,alhatham
https://t.akashadata.com/xstatic/img/c/s/xiangling.jpg,xiangling
https://t.akashadata.com/xstatic/img/c/s/bennett.jpg,bennett
https://t.akashadata.com/xstatic/img/c/s/kazuha.jpg,kazuha
https://t.akashadata.com/xstatic/img/c/s/yelan.jpg,yelan
https://t.akashadata.com/xstatic/img/c/s/xingqiu.jpg,xingqiu
https://t.akashadata.com/xstatic/img/c/s/kokomi.jpg,kokomi
https://t.akashadata.com/xstatic/img/c/s/shinobu.jpg,shinobu
https://t.akashadata.com/xstatic/img/c/s/nahida.jpg,nahida
https://t.akashadata.com/xstatic/img/c/s/xiangling.jpg,xiangling
https://t.akashadata.com/xstatic/img/c/s/bennett.jpg,bennett
https://t.akashadata.com/xstatic/img/c/s/kazuha.jpg,kazuha
https://t.akashadata.com/xstatic/img/c/s/shougun.jpg,shougun
https://t.akashadata.com/xstatic/img/c/s/xingqiu.jpg,xingqiu
https://t.akashadata.com/xstatic/img/c/s/kazuha.jpg,kazuha
https://t.akashadata.com/xstatic/img/c/s/shinobu.jpg,shinobu
https://t.akashadata.com/xstatic/img/c/s/nahida.jpg,nahida
https://t.akashadata.com/xstatic/img/c/s/xiangling.jpg,xiangling
https://t.akashadata.com/xstatic/img/c/s/bennett.jpg,bennett
https://t.akashadata.com/xstatic/img/c/s/shougun.jpg,shougun
https://t.akashadata.com/xstatic/img/c/s/yelan.jpg,yelan
https://t.akashadata.com/xstatic/img/c/s/zhongli.jpg,zhongli
https://t.akashadata.com/xstatic/img/c/s/mona.jpg,mona
https://t.akashadata.com/xstatic/img/c/s/kazuha.jpg,kazuha
https://t.akashadata.com/xstatic/img/c/s/yelan.jpg,yelan
https://t.akashadata.com/xstatic/img/c/s/xiangling.jpg,xiangling
https://t.akashadata.com/xstatic/img/c/s/xingqiu.jpg,xingqiu
https://t.akashadata.com/xstatic/img/c/s/bennett.jpg,bennett
https://t.akashadata.com/xstatic/img/c/s/shougun.jpg,shougun
https://t.akashadata.com/xstatic/img/c/s/traveler_girl.jpg,traveler_girl
https://t.akashadata.com/xstatic/img/c/s/kokomi.jpg,kokomi
https://t.akashadata.com/xstatic/img/c/s/nilou.jpg,nilou
https://t.akashadata.com/xstatic/img/c/s/nahida.jpg,nahida
https://t.akashadata.com/xstatic/img/c/s/xiangling.jpg,xiangling
https://t.akashadata.com/xstatic/img/c/s/bennett.jpg,bennett
https://t.akashadata.com/xstatic/img/c/s/shougun.jpg,shougun
https://t.akashadata.com/xstatic/img/c/s/yelan.jpg,yelan
https://t.akashadata.com/xstatic/img/c/s/traveler_girl.jpg,traveler_girl
https://t.akashadata.com/xstatic/img/c/s/kokomi.jpg,kokomi
https://t.akashadata.com/xstatic/img/c/s/nilou.jpg,nilou
https://t.akashadata.com/xstatic/img/c/s/nahida.jpg,nahida
https://t.akashadata.com/xstatic/img/c/s/xingqiu.jpg,xingqiu
https://t.akashadata.com/xstatic/img/c/s/zhongli.jpg,zhongli
https://t.akashadata.com/xstatic/img/c/s/hutao.jpg,hutao
https://t.akashadata.com/xstatic/img/c/s/yelan.jpg,yelan
